"","domain","freq","score","wilson_cat"
"1","27east",3,-0.0899,"Center"
"2","abc",93,-0.2167,"Left"
"3","abc7",76,0.0957,"Right"
"4","abcnews",4950,-0.0384,"Center"
"5","aberdeennews",1,0.4177,"Right"
"6","abqjournal",14,-0.1089,"Center"
"7","adelaidenow",4,-0.0409,"Center"
"8","adirondackdailyenterprise",2,-0.1454,"Center"
"9","adn",53,-0.1124,"Center"
"10","advocate",156,-0.7671,"Left"
"11","adweek",172,-0.1908,"Center"
"12","afp",17,-0.3436,"Left"
"13","afr",1,-0.1531,"Center"
"14","aikenstandard",3,0.1641,"Right"
"15","airforcetimes",15,-0.108,"Center"
"16","ajc",579,-0.0813,"Center"
"17","al",316,0.0245,"Center"
"18","aljazeera",150,-0.5265,"Left"
"19","alligator",1,0.092,"Right"
"20","alternet",603,-0.6378,"Left"
"21","amarillo",1,0.4287,"Right"
"22","americanthinker",8,0.8718,"Right"
"23","amestrib",1,0.2889,"Right"
"24","amny",16,-0.4638,"Left"
"25","annistonstar",13,0.1353,"Right"
"26","ap",85,-0.5079,"Left"
"27","apnews",720,-0.3279,"Left"
"28","app",35,0.0875,"Center"
"29","arcamax",706,-0.0805,"Center"
"30","argusleader",85,0.4518,"Right"
"31","arkansasonline",103,0.0116,"Center"
"32","arktimes",6,-0.6297,"Left"
"33","armytimes",7,0.4144,"Right"
"34","artvoice",4,-0.25,"Left"
"35","asahi",4,-0.4076,"Left"
"36","aspentimes",3,-0.1952,"Center"
"37","atlantablackstar",78,-0.7064,"Left"
"38","auburnpub",10,-0.0307,"Center"
"39","austinchronicle",14,-0.5237,"Left"
"40","axios",361,-0.3361,"Left"
"41","azcapitoltimes",5,-0.0592,"Center"
"42","azcentral",437,0.1353,"Right"
"43","azdailysun",51,-0.2053,"Left"
"44","bakersfield",8,-0.0985,"Center"
"45","baltimoresun",212,-0.2034,"Left"
"46","bangordailynews",57,-0.1939,"Center"
"47","bankrate",459,0.3559,"Right"
"48","bbc",483,-0.2004,"Left"
"49","bbc",2419,-0.2578,"Left"
"50","bdtonline",1,0.2999,"Right"
"51","beaumontenterprise",27,-0.2306,"Left"
"52","beforeitsnews",115,0.6788,"Right"
"53","bellinghamherald",7,-0.0871,"Center"
"54","bendbulletin",3,-0.1403,"Center"
"55","billingsgazette",486,-0.2894,"Left"
"56","billoreilly",9,0.9113,"Right"
"57","bipartisanreport",14,-0.7469,"Left"
"58","bismarcktribune",5,-0.2806,"Left"
"59","bizjournals",262,0.1077,"Right"
"60","bizpacreview",81,0.887,"Right"
"61","blackamericaweb",24,-0.7532,"Left"
"62","blacknews",42,-0.6366,"Left"
"63","blavity",25,-0.8179,"Left"
"64","bloomberg",1485,-0.0792,"Center"
"65","blueridgenow",73,0.4687,"Right"
"66","bnd",38,0.2513,"Right"
"67","boiseweekly",8,-0.0072,"Center"
"68","boston",129,-0.2612,"Left"
"69","bostonglobe",512,-0.3452,"Left"
"70","bostonherald",67,0.0754,"Center"
"71","bostonreview",1,-0.8007,"Left"
"72","bozemandailychronicle",1,-0.0883,"Center"
"73","bradenton",5,0.3184,"Right"
"74","breitbart",1007,0.7419,"Right"
"75","broadcastingcable",8,-0.1685,"Center"
"76","brooklyneagle",2,-0.5115,"Left"
"77","browardpalmbeach",8,-0.0907,"Center"
"78","buckscountycouriertimes",2,0.1298,"Right"
"79","buffalonews",61,-0.0199,"Center"
"80","burlingtonfreepress",9,-0.334,"Left"
"81","business-standard",2,-0.1273,"Center"
"82","businessinsider",4194,-0.0373,"Center"
"83","businessobserverfl",3,0.628,"Right"
"84","buzzfeed",24554,-0.1616,"Center"
"85","c-span",83,-0.1794,"Center"
"86","calgarysun",3,0.2658,"Right"
"87","caller",3,0.2322,"Right"
"88","canadafreepress",3,0.8944,"Right"
"89","canberratimes",3,-0.1877,"Center"
"90","cantonrep",12,0.3176,"Right"
"91","capecodtimes",14,-0.1952,"Center"
"92","capemaycountyherald",1,0.1802,"Right"
"93","capenews",1,-0.4094,"Left"
"94","capitalgazette",18,0.1496,"Right"
"95","capitalpress",1,0.1113,"Right"
"96","cbc",251,-0.23,"Left"
"97","cbn",71,0.7299,"Right"
"98","cbs",2153,-0.0024,"Center"
"99","cbslocal",954,0.1124,"Right"
"100","cbsnews",3072,-0.017,"Center"
"101","cdapress",2,0.6114,"Right"
"102","cecildaily",35,0.1744,"Right"
"103","centraljersey",7,-0.1506,"Center"
"104","centralmaine",166,-0.2782,"Left"
"105","centredaily",13,0.1504,"Right"
"106","charlestoncitypaper",1,-0.2073,"Left"
"107","charlotteobserver",121,0.009,"Center"
"108","chattanoogan",1,0.045,"Center"
"109","chicagobusiness",11,-0.1564,"Center"
"110","chicagoreader",15,-0.7109,"Left"
"111","chicagoreporter",1,-0.8419,"Left"
"112","chicagotribune",983,-0.1587,"Center"
"113","chinadaily",3,-0.0837,"Center"
"114","chron",821,-0.1725,"Center"
"115","chroniclingamerica",66,-0.3552,"Left"
"116","cincinnati",40,0.1238,"Right"
"117","cision",150,0.0275,"Center"
"118","citizen-times",341,-0.0089,"Center"
"119","citizensvoice",12,0.2122,"Right"
"120","city-journal",9,0.5366,"Right"
"121","citybeat",51,-0.3737,"Left"
"122","citypages",21,-0.5999,"Left"
"123","citypaper",1,-0.752,"Left"
"124","cityweekly",1,-0.0958,"Center"
"125","cjonline",377,0.3547,"Right"
"126","cjr",54,-0.5885,"Left"
"127","clarionledger",48,-0.2341,"Left"
"128","clclt",1,-0.3812,"Left"
"129","cleveland",54,-0.047,"Center"
"130","clevescene",13,-0.3864,"Left"
"131","cnbc",1530,0.0811,"Center"
"132","cnn",19636,-0.1183,"Center"
"133","cnsnews",35,0.8578,"Right"
"134","collegemagazine",1,-0.056,"Center"
"135","coloradoan",12,0.0497,"Center"
"136","colorlines",9,-0.8871,"Left"
"137","columbiamissourian",20,-0.2004,"Left"
"138","columbian",12,-0.2822,"Left"
"139","columbiaspectator",26,-0.6849,"Left"
"140","columbiatribune",5,-0.0648,"Center"
"141","columbustelegram",3,0.5139,"Right"
"142","commentarymagazine",6,0.4875,"Right"
"143","commercialappeal",64,-0.0222,"Center"
"144","commondreams",80,-0.6526,"Left"
"145","concordmonitor",4,-0.1948,"Center"
"146","conservativereview",25,0.9036,"Right"
"147","conservativetribune",4,0.8741,"Right"
"148","consortiumnews",1,0.1885,"Right"
"149","cookpolitical",6,-0.3078,"Left"
"150","copyright",22,-0.5057,"Left"
"151","cornellsun",9,-0.5338,"Left"
"152","counterpunch",9,-0.338,"Left"
"153","courant",68,-0.1115,"Center"
"154","courier-journal",29,0.0697,"Center"
"155","courier-tribune",1,0.2197,"Right"
"156","couriermail",3,-0.0787,"Center"
"157","courierpostonline",3,-0.086,"Center"
"158","courierpress",29,0.2355,"Right"
"159","crainsnewyork",3,-0.4086,"Left"
"160","creators",8,0.255,"Right"
"161","crooksandliars",23,-0.7006,"Left"
"162","csindy",1,0.0201,"Center"
"163","csmonitor",56,-0.2341,"Left"
"164","ctpost",29,-0.0683,"Center"
"165","ctvnews",23,-0.0435,"Center"
"166","cumberlink",7,0.2777,"Right"
"167","currentaffairs",7,-0.6556,"Left"
"168","daily-times",2,0.045,"Center"
"169","dailyastorian",1,-0.2133,"Left"
"170","dailybruin",4,-0.267,"Left"
"171","dailycal",6,-0.3892,"Left"
"172","dailycaller",512,0.6958,"Right"
"173","dailycamera",7,-0.3862,"Left"
"174","dailycommercial",1,0.3996,"Right"
"175","dailydot",39979,-0.401,"Left"
"176","dailyfreeman",2,-0.2551,"Left"
"177","dailygazette",1,0.0368,"Center"
"178","dailyherald",42,0.1127,"Right"
"179","dailyindependent",1,0.0761,"Center"
"180","dailyitem",38,0.2385,"Right"
"181","dailykos",4244,-0.7052,"Left"
"182","dailylocal",5,0.2307,"Right"
"183","dailymail",1925,0.2105,"Right"
"184","dailynews",13,0.0592,"Center"
"185","dailynorthwestern",72,-0.6088,"Left"
"186","dailypress",145,-0.0883,"Center"
"187","dailyprogress",10,-0.3991,"Left"
"188","dailyrecord",1,0.2389,"Right"
"189","dailysignal",70,0.8842,"Right"
"190","dailytarheel",19,-0.2241,"Left"
"191","dailytelegraph",8,0.1737,"Right"
"192","dailytexanonline",3,-0.3615,"Left"
"193","dailywire",1108,0.8496,"Right"
"194","dallasnews",944,-0.2175,"Left"
"195","dallasobserver",36,0.1962,"Right"
"196","daytondailynews",29,0.0576,"Center"
"197","dcourier",5,0.3942,"Right"
"198","deccanchronicle",3,-0.072,"Center"
"199","deccanherald",1,-0.3014,"Left"
"200","delawareonline",71,-0.0891,"Center"
"201","delawarestatenews",1,0.0786,"Center"
"202","delcotimes",10,0.169,"Right"
"203","delmarvanow",5,0.1305,"Right"
"204","democracynow",25,-0.744,"Left"
"205","democratandchronicle",103,0.0169,"Center"
"206","democratherald",2,0.057,"Center"
"207","denverpost",277,0.0352,"Center"
"208","deseretnews",84,0.5662,"Right"
"209","desertsun",34,-0.1163,"Center"
"210","desmoinesregister",151,0.2004,"Right"
"211","detroitnews",907,0.0931,"Right"
"212","dispatch",73,-0.1494,"Center"
"213","dissentmagazine",1,-0.857,"Left"
"214","dnaindia",10,-0.1687,"Center"
"215","dotnews",2,-0.7934,"Left"
"216","drudgereport",3654,0.8839,"Right"
"217","duluthnewstribune",25,-0.0077,"Center"
"218","durangoherald",4,-0.1143,"Center"
"219","dw",213,-0.2763,"Left"
"220","eagletribune",15,0.0239,"Center"
"221","eastbaytimes",8,0.0924,"Right"
"222","eastoregonian",1,0.1076,"Right"
"223","economist",461,-0.2302,"Left"
"224","edmondsun",2,0.58,"Right"
"225","elitedaily",461,0.0368,"Center"
"226","elnuevoherald",17,0.0487,"Center"
"227","elpais",54,-0.3631,"Left"
"228","elpasotimes",30,-0.3264,"Left"
"229","enidnews",2,0.5259,"Right"
"230","enterprisenews",2,0.0559,"Center"
"231","esquire",694,-0.4561,"Left"
"232","euronews",16,-0.2407,"Left"
"233","express",660,0.4419,"Right"
"234","factcheck",131,-0.3078,"Left"
"235","fair",4,-0.6554,"Left"
"236","fark",60,-0.2713,"Left"
"237","fayobserver",49,0.0832,"Center"
"238","fcc",226,-0.289,"Left"
"239","federalreserve",20,0.027,"Center"
"240","finance",80523,0.1467,"Right"
"241","financialexpress",5,-0.1017,"Center"
"242","firsttoknow",11,0.3017,"Right"
"243","fivethirtyeight",789,-0.388,"Left"
"244","flatheadbeacon",1,-0.2401,"Left"
"245","flkeysnews",2,-0.0106,"Center"
"246","floridatoday",79,0.3232,"Right"
"247","fltimes",1,-0.1654,"Center"
"248","forbes",5747,0.0465,"Center"
"249","foreignaffairs",66,-0.3666,"Left"
"250","foreignpolicy",59,-0.4485,"Left"
"251","fortune",236,-0.08,"Center"
"252","fosters",2,0.0482,"Center"
"253","foxbusiness",670,0.6062,"Right"
"254","foxnews",11987,0.6079,"Right"
"255","france24",104,-0.1466,"Center"
"256","fredericknewspost",125,-0.0966,"Center"
"257","fredericksburg",8,-0.1827,"Center"
"258","freebeacon",45,0.7926,"Right"
"259","freep",1215,-0.1156,"Center"
"260","fremonttribune",1,0.6413,"Right"
"261","fresnobee",91,-0.0989,"Center"
"262","frontpagemag",4,0.8359,"Right"
"263","ft",127,-0.1956,"Center"
"264","gainesville",10,-0.0327,"Center"
"265","gallup",427,-0.1041,"Center"
"266","galvnews",3,-0.3651,"Left"
"267","gantdaily",4,0.225,"Right"
"268","gazette",117,0.4195,"Right"
"269","gazettenet",2,-0.5306,"Left"
"270","gazettextra",4,0.2856,"Right"
"271","gctelegram",1,0.5441,"Right"
"272","globalvoices",2,-0.6372,"Left"
"273","globegazette",2,0.3357,"Right"
"274","gloucestertimes",1,-0.0564,"Center"
"275","goerie",20,-0.0732,"Center"
"276","good",98,-0.5948,"Left"
"277","goodnewsnetwork",42,-0.0995,"Center"
"278","goupstate",15,0.2843,"Right"
"279","governing",32,-0.2802,"Left"
"280","grandforksherald",23,-0.0073,"Center"
"281","greatfallstribune",5,0.0387,"Center"
"282","greeleytribune",3,0.2,"Right"
"283","greenbaypressgazette",22,0.1576,"Right"
"284","greensboro",53,-0.0961,"Center"
"285","greenvilleonline",33,0.1553,"Right"
"286","greenwichtime",39,-0.1122,"Center"
"287","guardianlv",3,-0.179,"Center"
"288","gulfnews",13,-0.0795,"Center"
"289","haaretz",97,-0.3902,"Left"
"290","harpers",11,-0.756,"Left"
"291","hastingstribune",3,0.4223,"Right"
"292","hbr",295,-0.0821,"Center"
"293","hcn",2,-0.592,"Left"
"294","heavy",451,-0.0231,"Center"
"295","helenair",107,-0.193,"Center"
"296","herald-dispatch",53,0.1113,"Right"
"297","heraldcourier",3,0.115,"Right"
"298","heraldextra",19,0.6102,"Right"
"299","heraldmailmedia",281,0.2935,"Right"
"300","heraldnet",15,0.0329,"Center"
"301","heraldonline",4,0.0988,"Right"
"302","heraldstandard",1,0.1172,"Right"
"303","heraldsun",23,-0.2222,"Left"
"304","heraldsun",10,0.2707,"Right"
"305","heraldtribune",14,0.2612,"Right"
"306","hickoryrecord",2,0.3964,"Right"
"307","hindustantimes",25,-0.1009,"Center"
"308","hollywoodreporter",2562,-0.2197,"Left"
"309","hotair",25,0.8293,"Right"
"310","houmatoday",1,0.1836,"Right"
"311","houstonpress",13,-0.3442,"Left"
"312","hudsonreporter",1,-0.5057,"Left"
"313","huffingtonpost",20,-0.2414,"Left"
"314","huffingtonpost",8299,-0.2383,"Left"
"315","huffpost",2764,-0.3121,"Left"
"316","hurriyetdailynews",1,-0.2996,"Left"
"317","hutchnews",11,0.6133,"Right"
"318","ibj",4,0.1099,"Right"
"319","ibtimes",88,-0.0578,"Center"
"320","ibtimes",9,-0.119,"Center"
"321","ibtimes",127,-0.201,"Left"
"322","idahopress",15,0.4522,"Right"
"323","idahostatejournal",2,0.4792,"Right"
"324","idahostatesman",62,0.221,"Right"
"325","ijr",242,0.63,"Right"
"326","independent",564,-0.3455,"Left"
"327","independenttribune",4,0.4468,"Right"
"328","indianagazette",1,0.1641,"Right"
"329","indianexpress",29,-0.1564,"Center"
"330","indiatimes",336,-0.0639,"Center"
"331","indystar",118,-0.0714,"Center"
"332","indyweek",12,-0.6203,"Left"
"333","inforum",384,-0.1438,"Center"
"334","infowars",111,0.7817,"Right"
"335","inquisitr",236,0.0363,"Center"
"336","intellihub",1,0.6338,"Right"
"337","inthesetimes",10,-0.7717,"Left"
"338","investors",28,0.7217,"Right"
"339","irishtimes",37,-0.3228,"Left"
"340","islandpacket",4,0.1309,"Right"
"341","isthmus",4,-0.7832,"Left"
"342","itemlive",13,-0.2732,"Left"
"343","ithaca",1,-0.2775,"Left"
"344","jacksonfreepress",3,-0.8329,"Left"
"345","jacksonsun",1,0.4223,"Right"
"346","jacksonville",17,0.3326,"Right"
"347","jacobinmag",31,-0.803,"Left"
"348","japantimes",31,-0.0909,"Center"
"349","jaxdailyrecord",6,0.424,"Right"
"350","jconline",10,0.091,"Right"
"351","jdnews",77,0.3045,"Right"
"352","jewishjournal",9,-0.2029,"Left"
"353","jezebel",1148,-0.6633,"Left"
"354","joplinglobe",4,0.3463,"Right"
"355","journal-news",7,0.0948,"Right"
"356","journal-news",144,0.3289,"Right"
"357","journalinquirer",11,0.3605,"Right"
"358","journalism",2,-0.381,"Left"
"359","journalismjobs",53,-0.5628,"Left"
"360","journalnow",48,0.0747,"Center"
"361","journalstar",67,0.4244,"Right"
"362","journaltimes",2,0.1937,"Right"
"363","jpost",235,0.2185,"Right"
"364","jsonline",92,-0.0542,"Center"
"365","justsecurity",9,-0.6648,"Left"
"366","kansas",28,0.4304,"Right"
"367","kansascity",282,0.1377,"Right"
"368","kearneyhub",40,0.5697,"Right"
"369","kentucky",16,0.0917,"Right"
"370","khaleejtimes",2,-0.2845,"Left"
"371","kitsapsun",19,0.1944,"Right"
"372","kitv",9,-0.0265,"Center"
"373","knoxnews",175,0.1287,"Right"
"374","lacrossetribune",161,0.1215,"Right"
"375","lancasteronline",21,0.2046,"Right"
"376","lansingstatejournal",29,0.0795,"Center"
"377","lasvegassun",14,0.0727,"Center"
"378","lasvegasweekly",2,0.0395,"Center"
"379","latimes",1778,-0.261,"Left"
"380","law",15,-0.1377,"Center"
"381","laweekly",12,-0.4391,"Left"
"382","lawfareblog",20,-0.6433,"Left"
"383","lcsun-news",4,-0.0891,"Center"
"384","ldnews",7,0.4414,"Right"
"385","leadertelegram",1,-0.2525,"Left"
"386","ledger-enquirer",9,-0.199,"Center"
"387","lehighvalleylive",1036,0.1343,"Right"
"388","lemonde",2,-0.5317,"Left"
"389","lexisnexis",18,-0.1564,"Center"
"390","lifezette",16,0.8501,"Right"
"391","liherald",1,-0.084,"Center"
"392","livemint",16,-0.1819,"Center"
"393","ljworld",437,-0.02,"Center"
"394","lohud",33,-0.1004,"Center"
"395","longislandpress",1,-0.0461,"Center"
"396","lowellsun",6,-0.0426,"Center"
"397","lubbockonline",3,0.2126,"Right"
"398","macleans",13,-0.3833,"Left"
"399","macon",28,0.2181,"Right"
"400","madworldnews",6,0.8051,"Right"
"401","magicvalley",4,0.254,"Right"
"402","magnumphotos",32,-0.7156,"Left"
"403","mailtribune",125,-0.131,"Center"
"404","mainebiz",2,-0.2073,"Left"
"405","mainichi",10,-0.4552,"Left"
"406","marinecorpstimes",2,0.409,"Right"
"407","marketwatch",1557,0.2847,"Right"
"408","mashable",527,-0.1223,"Center"
"409","masslive",42,-0.2665,"Left"
"410","mcall",276,0.1789,"Right"
"411","mcclatchydc",47,-0.1175,"Center"
"412","mdjonline",6,0.2428,"Right"
"413","meadvilletribune",1,0.2851,"Right"
"414","mediabistro",8,-0.3085,"Left"
"415","mediaite",130,0.1359,"Right"
"416","mediamatters",62,-0.7221,"Left"
"417","mediapost",24,-0.1582,"Center"
"418","memphisflyer",1,-0.3911,"Left"
"419","mercurynews",168,-0.1167,"Center"
"420","messengernews",40,0.6028,"Right"
"421","metafilter",57,-0.7785,"Left"
"422","metro",15,-0.402,"Left"
"423","metrotimes",15,-0.5513,"Left"
"424","metrowestdailynews",7,-0.1544,"Center"
"425","miamiherald",265,-0.0444,"Center"
"426","miaminewtimes",77,-0.3212,"Left"
"427","miamitimesonline",2,-0.25,"Left"
"428","mic",152,-0.595,"Left"
"429","mid-day",2,-0.2486,"Left"
"430","middletownpress",3,-0.0745,"Center"
"431","midhudsonnews",3,-0.0026,"Center"
"432","militarytimes",51,0.2375,"Right"
"433","mintpressnews",5,-0.1743,"Center"
"434","mirror",480,0.1505,"Right"
"435","missoulian",4,-0.3516,"Left"
"436","mlive",110,-0.036,"Center"
"437","modbee",2,0.1274,"Right"
"438","montgomeryadvertiser",49,-0.1615,"Center"
"439","montgomerynews",1,-0.1564,"Center"
"440","montrealgazette",7,-0.222,"Left"
"441","morningconsult",50,0.0071,"Center"
"442","motherjones",365,-0.6966,"Left"
"443","mountainx",5,-0.3883,"Left"
"444","mpnnow",1,0.2295,"Right"
"445","mrctv",34,0.8813,"Right"
"446","msmagazine",2,-0.8201,"Left"
"447","msnbc",425,-0.6243,"Left"
"448","multichannel",10,0.0223,"Center"
"449","muskogeephoenix",18,0.5249,"Right"
"450","mycentraljersey",36,0.0879,"Center"
"451","myrecordjournal",1,0.1408,"Right"
"452","myrtlebeachonline",145,0.2184,"Right"
"453","mysanantonio",106,0.0318,"Center"
"454","napavalleyregister",22,0.1744,"Right"
"455","naplesnews",225,0.374,"Right"
"456","nashuatelegraph",1,0.2708,"Right"
"457","nashvillescene",3,-0.3931,"Left"
"458","nationalaffairs",1,0.4223,"Right"
"459","nationalgeographic",844,-0.3706,"Left"
"460","nationalinterest",65,0.2148,"Right"
"461","nationaljournal",8,-0.0941,"Center"
"462","nationalpost",39,-0.1346,"Center"
"463","nationalreview",1409,0.6361,"Right"
"464","navajotimes",1,-0.3231,"Left"
"465","navytimes",9,0.3479,"Right"
"466","nbcnews",2577,-0.1558,"Center"
"467","ncnewsonline",1,0.0974,"Right"
"468","newarkadvocate",2,0.1525,"Right"
"469","newarkpostonline",4,0.1144,"Right"
"470","newbernsj",7,-0.0538,"Center"
"471","newburyportnews",1,0.1527,"Right"
"472","newhavenindependent",3,-0.5474,"Left"
"473","newindianexpress",4,-0.0819,"Center"
"474","newjerseyhills",7,0.179,"Right"
"475","newrepublic",151,-0.641,"Left"
"476","news-gazette",14,0.1922,"Right"
"477","news-herald",9,0.3225,"Right"
"478","news-journalonline",13,0.3095,"Right"
"479","news-leader",22,0.1312,"Right"
"480","news-press",71,0.3702,"Right"
"481","news",4,-0.4855,"Left"
"482","news",179,0.0545,"Center"
"483","news",10619,-0.1244,"Center"
"484","news",4,0.1299,"Right"
"485","newsadvance",9,0.3471,"Right"
"486","newsandsentinel",2,0.4614,"Right"
"487","newsbusters",34,0.8702,"Right"
"488","newsday",48,-0.0843,"Center"
"489","newseum",24,-0.3307,"Left"
"490","newsherald",1,0.5541,"Right"
"491","newsleader",23,-0.0708,"Center"
"492","newsmax",793,0.6879,"Right"
"493","newsobserver",395,-0.1549,"Center"
"494","newsok",167,0.4456,"Right"
"495","newsone",129,-0.7838,"Left"
"496","newspapers",3295,0.2646,"Right"
"497","newspressnow",1,0.203,"Right"
"498","newsroom",10,-0.2101,"Left"
"499","newstimes",26,-0.0205,"Center"
"500","newsweek",819,-0.4096,"Left"
"501","newswire",1,-0.1763,"Center"
"502","newswire",2,0.225,"Right"
"503","newswise",2,-0.3074,"Left"
"504","newyorker",737,-0.5624,"Left"
"505","nhbr",2,0.0015,"Center"
"506","nhregister",4,-0.1452,"Center"
"507","niemanlab",4,-0.6013,"Left"
"508","nj",448,-0.1036,"Center"
"509","njherald",2,0.2805,"Right"
"510","nola",85,0.063,"Center"
"511","nonpareilonline",3,0.5956,"Right"
"512","noozhawk",3,-0.1284,"Center"
"513","normantranscript",2,0.3523,"Right"
"514","northcountrynow",23,-0.032,"Center"
"515","northjersey",66,-0.0732,"Center"
"516","norwichbulletin",2,0.1192,"Right"
"517","nowthisnews",9,0.1546,"Right"
"518","npr",3532,-0.4161,"Left"
"519","nwaonline",5,-0.0476,"Center"
"520","nwfdailynews",7,0.5121,"Right"
"521","nwherald",61,0.1991,"Right"
"522","nwitimes",165,0.0492,"Center"
"523","nydailynews",997,-0.254,"Left"
"524","nymag",612,-0.5637,"Left"
"525","nypost",2046,0.1813,"Right"
"526","nyse",5,-0.1163,"Center"
"527","nytimes",11972,-0.2602,"Left"
"528","oann",30,0.8644,"Right"
"529","oanow",14,0.2322,"Right"
"530","observer",77,-0.1827,"Center"
"531","ocala",6,0.248,"Right"
"532","ocregister",54,0.2067,"Right"
"533","ocweekly",6,-0.4071,"Left"
"534","ohio",5,-0.0189,"Center"
"535","oleantimesherald",2,0.1677,"Right"
"536","omaha",112,0.4046,"Right"
"537","oneidadispatch",1,-0.2601,"Left"
"538","onlineathens",10,0.1399,"Right"
"539","onwardstate",3,0.265,"Right"
"540","opendemocracy",4,-0.6732,"Left"
"541","oregonlive",235,-0.2834,"Left"
"542","orlandosentinel",179,0.1924,"Right"
"543","orlandoweekly",53,-0.295,"Left"
"544","outbrain",160,0.0206,"Center"
"545","ozy",32,-0.3969,"Left"
"546","palmbeachdailynews",1,-0.3543,"Left"
"547","palmbeachpost",29,0.0766,"Center"
"548","palmerreport",70,-0.7334,"Left"
"549","paloaltoonline",1,-0.2732,"Left"
"550","pamplinmedia",3,-0.0585,"Center"
"551","pantagraph",13,-0.0395,"Center"
"552","parade",278,0.1143,"Right"
"553","patch",1402,0.0187,"Center"
"554","pbn",1,-0.4213,"Left"
"555","pbs",640,-0.4077,"Left"
"556","pe",23,0.0317,"Center"
"557","pennlive",381,0.1539,"Right"
"558","people-press",13,-0.3363,"Left"
"559","pewresearch",131,-0.3082,"Left"
"560","pghcitypaper",1,-0.635,"Left"
"561","philadelphiaweekly",1,-0.5648,"Left"
"562","philly",191,-0.1823,"Center"
"563","phoenixnewtimes",17,-0.4061,"Left"
"564","phys",72,-0.2064,"Left"
"565","pilotonline",179,-0.0529,"Center"
"566","pjmedia",73,0.8157,"Right"
"567","pjstar",31,0.045,"Center"
"568","pnj",39,0.4635,"Right"
"569","poconorecord",4,0.2132,"Right"
"570","politico",1340,-0.1914,"Center"
"571","politicususa",54,-0.7081,"Left"
"572","politifact",327,-0.4209,"Left"
"573","poll",44,-0.7373,"Left"
"574","portlandmercury",16,-0.8211,"Left"
"575","post-gazette",58,-0.0408,"Center"
"576","postandcourier",52,-0.2406,"Left"
"577","postbulletin",7,0.1734,"Right"
"578","postcrescent",3,-0.013,"Center"
"579","poststar",4,0.2347,"Right"
"580","pottsmerc",1,0.0824,"Center"
"581","poughkeepsiejournal",2,-0.0314,"Center"
"582","poynter",46,-0.5139,"Left"
"583","press-citizen",4,-0.0038,"Center"
"584","pressconnects",7,-0.0097,"Center"
"585","pressdemocrat",97,-0.1405,"Center"
"586","pressherald",60,-0.4097,"Left"
"587","pressofatlanticcity",328,0.108,"Right"
"588","pressrepublican",2,-0.0708,"Center"
"589","presstelegram",12,-0.2562,"Left"
"590","prnewswire",83,0.0483,"Center"
"591","progressive",6,-0.8814,"Left"
"592","project-syndicate",3,-0.4049,"Left"
"593","projectveritas",9,0.8903,"Right"
"594","propublica",183,-0.6551,"Left"
"595","prospect",9,-0.7318,"Left"
"596","providencejournal",25,-0.3751,"Left"
"597","prweb",6,0.1293,"Right"
"598","psmag",44,-0.5787,"Left"
"599","publicintegrity",2,-0.3638,"Left"
"600","publicopiniononline",19,0.337,"Right"
"601","publicpolicypolling",7,-0.3491,"Left"
"602","qchron",2,-0.5258,"Left"
"603","qconline",20,0.045,"Center"
"604","qctimes",144,0.2881,"Right"
"605","qz",375,-0.3721,"Left"
"606","rapidcityjournal",5,0.2475,"Right"
"607","rappler",16,-0.2073,"Left"
"608","rare",23,0.5831,"Right"
"609","rasmussenreports",399,0.7963,"Right"
"610","rawstory",681,-0.6161,"Left"
"611","rcnky",1,0.4172,"Right"
"612","rd",511,0.1398,"Right"
"613","readingeagle",8,0.1776,"Right"
"614","realclearpolitics",253,0.568,"Right"
"615","reason",420,0.3846,"Right"
"616","recordnet",2,0.0859,"Center"
"617","recordonline",25,-0.0162,"Center"
"618","redding",1,0.1458,"Right"
"619","redstate",54,0.7672,"Right"
"620","reflector",18,-0.0578,"Center"
"621","register-herald",2,0.1274,"Right"
"622","registercitizen",3,0.0268,"Center"
"623","registerguard",5,-0.1947,"Center"
"624","rep-am",1,0.2101,"Right"
"625","reporterherald",1,0.2672,"Right"
"626","repubblica",7,-0.0197,"Center"
"627","republicanherald",1,0.2475,"Right"
"628","reuters",2525,-0.1287,"Center"
"629","reuters",15,-0.4307,"Left"
"630","revealnews",12,-0.6576,"Left"
"631","reviewjournal",215,0.1918,"Right"
"632","rferl",19,-0.4119,"Left"
"633","rgj",59,0.1664,"Right"
"634","richmond",350,0.0133,"Center"
"635","richmondregister",30,0.2305,"Right"
"636","rightwingwatch",25,-0.6068,"Left"
"637","riverfronttimes",43,-0.4402,"Left"
"638","roanoke",46,-0.0978,"Center"
"639","robesonian",4,0.5139,"Right"
"640","rollcall",37,-0.1641,"Center"
"641","rsf",12,-0.5034,"Left"
"642","rt",300,0.1466,"Right"
"643","rutlandherald",34,-0.1776,"Center"
"644","sacbee",88,-0.1316,"Center"
"645","sacurrent",2,-0.7248,"Left"
"646","salemnews",14,-0.2097,"Left"
"647","salina",3,0.5187,"Right"
"648","salisburypost",17,0.4362,"Right"
"649","salon",354,-0.5926,"Left"
"650","sandiegoreader",14,0.0358,"Center"
"651","sandiegouniontribune",291,-0.0839,"Center"
"652","sanluisobispo",519,-0.0584,"Center"
"653","santafenewmexican",9,-0.3513,"Left"
"654","savannahnow",8,0.2235,"Right"
"655","sbsun",10,0.1353,"Right"
"656","scientificamerican",161,-0.4039,"Left"
"657","scmp",352,-0.1861,"Center"
"658","sctimes",8,-0.0448,"Center"
"659","seacoastonline",4,-0.0714,"Center"
"660","seattlepi",264,-0.1598,"Center"
"661","seattletimes",293,-0.2764,"Left"
"662","seattleweekly",1,-0.6142,"Left"
"663","sentinelandenterprise",2,-0.0686,"Center"
"664","sevendaysvt",4,-0.2013,"Left"
"665","sfchronicle",155,-0.4104,"Left"
"666","sfexaminer",398,-0.277,"Left"
"667","sfgate",2025,-0.1764,"Center"
"668","sfreporter",1,-0.6463,"Left"
"669","sfweekly",15,-0.5057,"Left"
"670","sgvtribune",4,-0.0625,"Center"
"671","shareblue",213,-0.7856,"Left"
"672","shelbystar",1,0.3621,"Right"
"673","shreveporttimes",5,0.3265,"Right"
"674","silive",15,-0.1686,"Center"
"675","siouxcityjournal",85,0.5127,"Right"
"676","sj-r",8,-0.2453,"Left"
"677","slate",2339,-0.5108,"Left"
"678","sltrib",135,0.1265,"Right"
"679","smartbrief",31,0.0743,"Center"
"680","smh",27,-0.1802,"Center"
"681","snopes",1556,-0.165,"Center"
"682","somdnews",3,0.2132,"Right"
"683","sourcewatch",9,-0.8738,"Left"
"684","southbendtribune",9,0.1353,"Right"
"685","southcoasttoday",13,-0.3375,"Left"
"686","spectator",12,0.8369,"Right"
"687","spiegel",15,-0.4226,"Left"
"688","spiked-online",29,0.3727,"Right"
"689","splcenter",109,-0.6753,"Left"
"690","splinternews",864,-0.8336,"Left"
"691","spokesman",23,0.0198,"Center"
"692","sputniknews",69,0.3021,"Right"
"693","stamfordadvocate",111,-0.0176,"Center"
"694","standard",2,0.4708,"Right"
"695","star-telegram",183,0.2801,"Right"
"696","staradvertiser",45,0.0743,"Center"
"697","stardem",1,0.0735,"Center"
"698","starherald",1,0.4627,"Right"
"699","starnewsonline",144,0.1902,"Right"
"700","startribune",256,-0.1326,"Center"
"701","statesman",27,-0.0242,"Center"
"702","statesmanjournal",132,-0.0928,"Center"
"703","staugustine",1,0.361,"Right"
"704","stgeorgeutah",1,0.5979,"Right"
"705","stlamerican",1,-0.7399,"Left"
"706","stltoday",273,-0.0203,"Center"
"707","straight",2,-0.5679,"Left"
"708","stream",5,0.8676,"Right"
"709","stripes",19,0.3034,"Right"
"710","stupiddope",14704,-0.4595,"Left"
"711","styleweekly",18,-0.4746,"Left"
"712","summitdaily",2,-0.3456,"Left"
"713","sun-sentinel",153,0.1319,"Right"
"714","sungazette",4,0.2819,"Right"
"715","sunherald",5,0.0819,"Center"
"716","sunjournal",25,-0.0492,"Center"
"717","sunnyskyz",2,0.0206,"Center"
"718","suntimes",161,-0.0091,"Center"
"719","syracuse",194,0.0103,"Center"
"720","talkingpointsmemo",123,-0.6732,"Left"
"721","tallahassee",10,0.179,"Right"
"722","tampabay",203,0.0938,"Right"
"723","taskandpurpose",46,-0.0358,"Center"
"724","tauntongazette",1,-0.2459,"Left"
"725","tbo",2,0.382,"Right"
"726","tcpalm",13,0.3656,"Right"
"727","telegram",11,-0.0927,"Center"
"728","telegraph",311,-0.0634,"Center"
"729","telegraphindia",2,-0.5449,"Left"
"730","telemundo",26201,-0.1834,"Center"
"731","tennessean",99,0.1288,"Right"
"732","texastribune",22,-0.332,"Left"
"733","the-dispatch",5,0.4512,"Right"
"734","theadvertiser",11,0.3796,"Right"
"735","theadvocate",58,0.159,"Right"
"736","theage",12,-0.3447,"Left"
"737","theamericanconservative",24,0.2098,"Right"
"738","theatlantic",2085,-0.4148,"Left"
"739","theaustralian",6,-0.0369,"Center"
"740","thebaffler",4,-0.7773,"Left"
"741","theblaze",150,0.7889,"Right"
"742","thecharlottepost",2,-0.3357,"Left"
"743","theconversation",116,-0.4203,"Left"
"744","thecrimson",12,-0.4793,"Left"
"745","thedailybanter",5,-0.6255,"Left"
"746","thedailybeast",3071,-0.3825,"Left"
"747","thedailynewsonline",3,0.4566,"Right"
"748","thedaonline",1,0.0786,"Center"
"749","theday",7,-0.0263,"Center"
"750","thedp",24,-0.5556,"Left"
"751","thedrum",2,-0.2465,"Left"
"752","theeagle",4,-0.0928,"Center"
"753","theepochtimes",130,0.0084,"Center"
"754","thefederalist",111,0.7078,"Right"
"755","thegazette",2,0.2812,"Right"
"756","theglobeandmail",52,-0.2402,"Left"
"757","theguardian",2194,-0.3893,"Left"
"758","thehill",2599,-0.06,"Center"
"759","thehindu",29,-0.334,"Left"
"760","thehindubusinessline",1,-0.0209,"Center"
"761","thehour",160,-0.0381,"Center"
"762","theindependent",162,0.5022,"Right"
"763","theintell",4,0.0599,"Center"
"764","theintelligencer",4,0.2689,"Right"
"765","theintercept",213,-0.5133,"Left"
"766","theislandnow",1,-0.0181,"Center"
"767","thelcn",17,0.1811,"Right"
"768","theledger",10,0.3499,"Right"
"769","themarshallproject",14,-0.7337,"Left"
"770","thenation",154,-0.7298,"Left"
"771","thenational",20,-0.2521,"Left"
"772","thenews",1,-0.456,"Left"
"773","thenewsstar",2,0.3706,"Right"
"774","thenewstribune",20,-0.0753,"Center"
"775","theoaklandpress",6,0.045,"Center"
"776","theolympian",18,-0.1516,"Center"
"777","theonion",421,-0.2903,"Left"
"778","thepoliticalinsider",45,0.8515,"Right"
"779","theprovince",7,0.0963,"Right"
"780","therealnews",4,-0.7059,"Left"
"781","thereporteronline",1,0.1298,"Right"
"782","therepublic",1,0.0761,"Center"
"783","therightscoop",1,0.8978,"Right"
"784","theroot",1287,-0.7344,"Left"
"785","thescottishsun",8,-0.0443,"Center"
"786","thesouthern",2,0.0015,"Center"
"787","thespectrum",3,0.4745,"Right"
"788","thestar",68,-0.3687,"Left"
"789","thestarpress",1,0.2668,"Right"
"790","thestate",66,0.0758,"Center"
"791","thestranger",62,-0.7594,"Left"
"792","thestreet",74,0.1554,"Right"
"793","thesun",518,0.3268,"Right"
"794","thesunchronicle",3,-0.075,"Center"
"795","thetimes-tribune",4,-0.0402,"Center"
"796","thetimes",52,-0.1205,"Center"
"797","thevillager",7,-0.7859,"Left"
"798","theweek",586,-0.1771,"Center"
"799","theworldlink",1,0.1256,"Right"
"800","thinkprogress",309,-0.7193,"Left"
"801","time",1480,-0.2046,"Left"
"802","times-news",1,-0.02,"Center"
"803","timescall",2,-0.0774,"Center"
"804","timescolonist",3,0.2173,"Right"
"805","timesfreepress",20,-0.0026,"Center"
"806","timesherald",1,0.0859,"Center"
"807","timesleader",3,0.0405,"Center"
"808","timesonline",1,0.1328,"Right"
"809","timesunion",27,-0.1695,"Center"
"810","timeswv",3,0.247,"Right"
"811","toledoblade",20,-0.0608,"Center"
"812","topix",942,0.0841,"Center"
"813","townhall",362,0.8498,"Right"
"814","trentonian",10,-0.0263,"Center"
"815","tri-cityherald",1,0.045,"Center"
"816","trib",1,0.3628,"Right"
"817","tribdem",195,0.1224,"Right"
"818","triblive",48,0.1962,"Right"
"819","truth-out",30,-0.7375,"Left"
"820","truthdig",35,-0.6402,"Left"
"821","tucson",272,-0.0604,"Center"
"822","tucsonweekly",1,-0.268,"Left"
"823","tulsaworld",224,0.3603,"Right"
"824","twincities",390,0.0619,"Center"
"825","twitchy",88,0.8755,"Right"
"826","tytnetwork",1,-0.9189,"Left"
"827","unionleader",376,0.3961,"Right"
"828","universalhub",24,-0.6899,"Left"
"829","univision",47,-0.4249,"Left"
"830","upi",116,0.0385,"Center"
"831","usatoday",6537,0.0582,"Center"
"832","usnews",1231,-0.1304,"Center"
"833","uticaod",15,0.2141,"Right"
"834","vaildaily",4,0.1017,"Right"
"835","vancouversun",30,-0.1695,"Center"
"836","vanityfair",615,-0.4891,"Left"
"837","variety",550,-0.2409,"Left"
"838","vcstar",47,-0.0749,"Center"
"839","vice",1618,-0.5531,"Left"
"840","villagevoice",11,-0.7541,"Left"
"841","vindy",436,0.1866,"Right"
"842","vineyardgazette",5,-0.3615,"Left"
"843","vnews",2,-0.3858,"Left"
"844","voanews",55,-0.2529,"Left"
"845","vox",1419,-0.5546,"Left"
"846","vulture",913,-0.5491,"Left"
"847","wacotrib",285,0.0503,"Center"
"848","washingtoncitypaper",22,-0.6925,"Left"
"849","washingtonexaminer",432,0.5399,"Right"
"850","washingtonmonthly",3,-0.6629,"Left"
"851","washingtonpost",25058,-0.2342,"Left"
"852","washingtontimes",233,0.6297,"Right"
"853","watertowndailytimes",63,0.1764,"Right"
"854","wcfcourier",7,0.2743,"Right"
"855","wcpo",17,0.1679,"Right"
"856","weeklystandard",29,0.6389,"Right"
"857","westfaironline",1,-0.1626,"Center"
"858","westword",46,-0.3379,"Left"
"859","wickedlocal",135,-0.2532,"Left"
"860","winnipegfreepress",3,-0.1939,"Center"
"861","wired",863,-0.2354,"Left"
"862","wn",19,0.0313,"Center"
"863","wnd",499,0.8699,"Right"
"864","worldpoliticsreview",58,-0.5317,"Left"
"865","worldpressphoto",1,-0.5482,"Left"
"866","wsj",1634,0.0106,"Center"
"867","wsws",6,-0.1834,"Center"
"868","wtop",201,-0.0792,"Center"
"869","wvgazettemail",24,-0.2868,"Left"
"870","wweek",18,-0.6215,"Left"
"871","yahoo",215230,0.0848,"Center"
"872","yakimaherald",73,-0.139,"Center"
"873","yaledailynews",5,-0.5554,"Left"
"874","ydr",34,0.2475,"Right"
"875","ynetnews",320,0.2455,"Right"
"876","yorkdispatch",1,0.1967,"Right"
"877","yorknewstimes",14,0.6552,"Right"
"878","yourobserver",1,0.4942,"Right"
